Name,Last Date,Last Time
"""Andres""",2022-01-03,12:42:34.854808
"""Laura""",,
"""Abue""",,
"""Gera""",2022-01-03,12:37:38.539832
" ""14th_Dalai_Lama""",,
" ""AYAMI""",,
" ""Abdullah_II_of_Jordan""",,
" ""Aco_Petrović""",,
" ""Adhyayan_Suman""",2022-01-03,12:08:13.192420
" ""Aditya_Seal""",,
" ""Agata_Passent""",,
" ""Ahmet_Davutoğlu""",2022-01-03,12:08:13.297335
" ""Airi_Suzuki""",,
" ""Aishwarya_Rai_Bachchan""",2022-01-03,12:08:12.983603
" ""Alain_Traoré""",,
" ""Alex_Gonzaga""",,
" ""Alexandra_Edenborough""",,
" ""Alodia_Gosiengfiao""",2022-01-03,12:01:05.537106
" ""Amber_Brkich""",2022-01-03,12:08:12.983924
" ""Amina_Shafaat""",2022-01-03,12:08:13.082929
" ""Ana_Rosa_Quintana""",,
" ""Andrea_Anders""",,
" ""Andrew_Upton""",,
" ""Angélique_Kidjo""",,
